date,sessions,page_views,bounce_rate,avg_session_duration,new_users,returning_users
2023-01-01,107,262,0.35291609595186696,255,27,80
2023-01-02,88,346,0.4495103318218439,143,22,66
2023-01-03,106,215,0.42567763485136434,256,27,79
2023-01-04,124,489,0.57445377032043,124,32,92
2023-01-05,103,215,0.4087181697349899,124,26,77
2023-01-06,114,431,0.474176505083413,178,29,85
2023-01-07,137,419,0.4896792863758591,208,35,102
2023-01-08,115,458,0.30392833697650007,259,29,86
2023-01-09,87,187,0.49906121160501316,243,22,65
2023-01-10,107,333,0.3534107900609254,200,27,80
2023-01-11,98,386,0.5883210952408365,169,25,73
2023-01-12,103,314,0.34459881832593386,299,26,77
2023-01-13,124,404,0.4243872371181071,197,32,92
2023-01-14,88,298,0.32560490042359314,201,22,66
2023-01-15,81,236,0.5990622755537842,149,21,60
2023-01-16,89,290,0.4506585030993727,263,23,66
2023-01-17,87,276,0.47861550519601315,245,22,65
2023-01-18,113,430,0.32012294321652823,160,29,84
2023-01-19,100,209,0.5249881411197533,135,25,75
2023-01-20,103,264,0.3629716779286757,242,26,77
2023-01-21,141,550,0.5694162868322141,238,36,105
2023-01-22,107,405,0.36154189214460214,169,27,80
2023-01-23,101,294,0.3572063161990999,291,26,75
2023-01-24,84,272,0.3109649003544285,147,21,63
2023-01-25,103,263,0.44162008353299975,198,26,77
2023-01-26,118,280,0.4694523399787849,290,30,88
2023-01-27,110,322,0.3197125918285057,196,28,82
2023-01-28,128,346,0.5326582850085031,235,33,95
2023-01-29,104,329,0.43598665042440826,192,27,77
2023-01-30,99,213,0.457317080798274,169,25,74
2023-01-31,100,395,0.43222882408146845,297,25,75
2023-02-01,142,564,0.4202289182625978,194,36,106
2023-02-02,120,408,0.46789209939246534,281,31,89
2023-02-03,114,350,0.34657207377921373,161,29,85
2023-02-04,138,361,0.35457843914858134,158,35,103
2023-02-05,98,356,0.5585356863040551,126,25,73
2023-02-06,110,371,0.5838346386400898,237,28,82
2023-02-07,83,193,0.4119927948839259,186,21,62
2023-02-08,97,371,0.38122340194306614,276,25,72
2023-02-09,126,459,0.4931998629717047,205,32,94
2023-02-10,144,562,0.42262025132942893,294,37,107
2023-02-11,131,452,0.30761590669810346,153,33,98
2023-02-12,117,378,0.3468457792098571,276,30,87
2023-02-13,105,298,0.5147916686542192,260,27,78
2023-02-14,93,359,0.4976771825730454,259,24,69
2023-02-15,109,407,0.308128797751045,272,28,81
2023-02-16,119,249,0.3665916485798848,257,30,89
2023-02-17,152,312,0.3693224389764214,233,39,113
2023-02-18,136,374,0.5015678230796186,144,35,101
2023-02-19,95,344,0.30591316132630925,126,24,71
2023-02-20,117,465,0.33123257459537214,286,30,87
2023-02-21,112,258,0.5399748256119568,231,29,83
2023-02-22,113,360,0.3535633986163001,263,29,84
2023-02-23,137,378,0.4958238323555624,207,35,102
2023-02-24,154,607,0.37145483431401793,141,39,115
2023-02-25,148,545,0.32983241782780354,143,38,110
2023-02-26,112,412,0.3729516572998362,243,29,83
2023-02-27,110,323,0.5166800795566977,197,28,82
2023-02-28,125,354,0.5567089404318857,156,32,93
2023-03-01,140,357,0.5490659593700975,208,36,104
2023-03-02,123,260,0.41915505888553645,132,31,92
2023-03-03,138,515,0.5004255409711938,225,35,103
2023-03-04,119,431,0.3614952886247463,168,30,89
2023-03-05,108,432,0.38794431907830396,264,28,80
2023-03-06,129,515,0.568900745556336,176,33,96
2023-03-07,142,442,0.3039005770532208,202,36,106
2023-03-08,126,446,0.3256525592563404,122,32,94
2023-03-09,148,576,0.3623658765438082,133,38,110
2023-03-10,148,547,0.3079596611621459,191,38,110
2023-03-11,128,319,0.3544306305269392,206,33,95
2023-03-12,134,389,0.4749124682909076,228,34,100
2023-03-13,142,321,0.4264273651777494,172,36,106
2023-03-14,123,481,0.5678015133230925,245,31,92
2023-03-15,153,491,0.5452330685215323,275,39,114
2023-03-16,95,233,0.4025452055093628,260,24,71
2023-03-17,157,525,0.3778270300293877,127,40,117
2023-03-18,141,456,0.41390772245018004,206,36,105
2023-03-19,125,340,0.47708848275444227,139,32,93
2023-03-20,122,272,0.3804190922468629,164,31,91
2023-03-21,96,321,0.4872446723547402,298,24,72
2023-03-22,127,386,0.4228234956573721,146,32,95
2023-03-23,141,500,0.46561415425559405,210,36,105
2023-03-24,168,511,0.430837958740595,231,43,125
2023-03-25,133,493,0.3883397278625753,246,34,99
2023-03-26,119,369,0.584535992088647,221,30,89
2023-03-27,114,356,0.5290817382479283,122,29,85
2023-03-28,140,525,0.34203395272993575,179,36,104
2023-03-29,137,385,0.5605403927693738,213,35,102
2023-03-30,129,293,0.4462293594748541,136,33,96
2023-03-31,155,319,0.5683656680682274,183,40,115
2023-04-01,144,505,0.5399565767841945,126,37,107
2023-04-02,147,476,0.42756405134077,134,37,110
2023-04-03,112,382,0.3067407924960352,191,29,83
2023-04-04,123,298,0.3806032078154838,144,31,92
2023-04-05,127,289,0.46249026439826,222,32,95
2023-04-06,116,235,0.4900434659478442,244,30,86
2023-04-07,153,413,0.37736630562996065,264,39,114
2023-04-08,147,467,0.3418068222218472,156,37,110
2023-04-09,133,370,0.5504790710397898,150,34,99
2023-04-10,120,345,0.5953206542110656,139,31,89
2023-04-11,107,407,0.45770705469080575,235,27,80
2023-04-12,127,342,0.35150378575449104,247,32,95
2023-04-13,134,406,0.38169219795581066,126,34,100
2023-04-14,137,489,0.30551720296424,289,35,102
2023-04-15,141,394,0.5742896419681497,129,36,105
2023-04-16,140,454,0.3353253248670423,217,36,104
2023-04-17,152,566,0.47295494265427607,248,39,113
2023-04-18,132,515,0.3822165662061618,277,34,98
2023-04-19,138,317,0.466253400754738,249,35,103
2023-04-20,138,532,0.49542611650555923,264,35,103
2023-04-21,120,358,0.5489225411121604,181,31,89
2023-04-22,144,362,0.36192638152818096,267,37,107
2023-04-23,135,394,0.30329874859754413,134,34,101
2023-04-24,161,638,0.34106568902064216,281,41,120
2023-04-25,126,376,0.5700055925544315,219,32,94
2023-04-26,139,369,0.5621670232687546,267,35,104
2023-04-27,139,454,0.4792239306510925,201,35,104
2023-04-28,132,327,0.48015505813009596,236,34,98
2023-04-29,161,346,0.49951100236387663,215,41,120
2023-04-30,145,327,0.35261138358703487,252,37,108
2023-05-01,136,307,0.5743235837774879,135,35,101
2023-05-02,115,265,0.4256311574676219,131,29,86
2023-05-03,155,353,0.4149415584748492,164,40,115
2023-05-04,118,387,0.45567531158485125,149,30,88
2023-05-05,158,373,0.3140897900325165,277,40,118
2023-05-06,177,476,0.3498850106268238,159,45,132
2023-05-07,119,451,0.5214100849279111,296,30,89
2023-05-08,115,339,0.32483960037753795,181,29,86
2023-05-09,130,434,0.4809456328399164,153,33,97
2023-05-10,126,295,0.3736047329043963,262,32,94
2023-05-11,115,274,0.41678868421259296,239,29,86
2023-05-12,150,312,0.38660812103120995,210,38,112
2023-05-13,127,297,0.4067018149394847,220,32,95
2023-05-14,140,358,0.5157137715552736,249,36,104
2023-05-15,109,257,0.3891365146869525,161,28,81
2023-05-16,151,329,0.46992139208906913,299,38,113
2023-05-17,121,271,0.4428151206597299,295,31,90
2023-05-18,133,389,0.49910134960879443,237,34,99
2023-05-19,160,386,0.5810489217974274,156,41,119
2023-05-20,124,338,0.5197716291630751,242,32,92
2023-05-21,136,409,0.36448211357722704,133,35,101
2023-05-22,142,480,0.3093549405183854,126,36,106
2023-05-23,103,214,0.3786792132899475,166,26,77
2023-05-24,135,486,0.4785233792100764,203,34,101
2023-05-25,141,459,0.31542774404527507,276,36,105
2023-05-26,159,344,0.44890987416037087,251,41,118
2023-05-27,123,461,0.47905285467506675,254,31,92
2023-05-28,112,430,0.4002731672450882,197,29,83
2023-05-29,129,274,0.5312736611237465,182,33,96
2023-05-30,131,335,0.33197947594013155,187,33,98
2023-05-31,135,488,0.32254133452074263,298,34,101
2023-06-01,141,493,0.518456626861081,127,36,105
2023-06-02,136,322,0.44864739486185956,276,35,101
2023-06-03,144,348,0.5065207189283207,224,37,107
2023-06-04,135,370,0.43044820158112385,199,34,101
2023-06-05,110,327,0.37392060997173204,251,28,82
2023-06-06,153,495,0.5457306953022599,208,39,114
2023-06-07,137,375,0.5398247636906938,277,35,102
2023-06-08,117,342,0.508408941256328,282,30,87
2023-06-09,155,542,0.3816435411689888,196,40,115
2023-06-10,125,259,0.4770692000607261,170,32,93
2023-06-11,141,353,0.40829216908200805,227,36,105
2023-06-12,137,469,0.3274746219979902,284,35,102
2023-06-13,112,425,0.5751940726386728,158,29,83
2023-06-14,143,432,0.3410455892756884,232,36,107
2023-06-15,140,429,0.5850712061462406,234,36,104
2023-06-16,156,345,0.4338017318873867,252,40,116
2023-06-17,167,483,0.35553987865158587,144,43,124
2023-06-18,124,380,0.46257028421350743,249,32,92
2023-06-19,107,266,0.5618837507629224,284,27,80
2023-06-20,109,277,0.5196674659228684,152,28,81
2023-06-21,115,317,0.5419683443584349,163,29,86
2023-06-22,131,267,0.4976350100132152,295,33,98
2023-06-23,147,389,0.5076829693553557,153,37,110
2023-06-24,141,342,0.5547586954695958,274,36,105
2023-06-25,139,369,0.37490040265775576,209,35,104
2023-06-26,117,262,0.4468274890929421,165,30,87
2023-06-27,143,541,0.36636283254588065,277,36,107
2023-06-28,122,389,0.5963004023989941,200,31,91
2023-06-29,172,578,0.5832178019059839,213,44,128
2023-06-30,150,537,0.31182804341055176,185,38,112
2023-07-01,123,369,0.5116725517547065,227,31,92
2023-07-02,109,237,0.5775744952246997,149,28,81
2023-07-03,122,375,0.35417260353820007,190,31,91
2023-07-04,116,368,0.47038356916578883,294,30,86
2023-07-05,135,471,0.5746464892764125,166,34,101
2023-07-06,136,389,0.31018379357573966,238,35,101
2023-07-07,138,311,0.509226080174052,179,35,103
2023-07-08,121,311,0.38920470221176523,259,31,90
2023-07-09,101,275,0.5773188586129592,144,26,75
2023-07-10,107,352,0.5913174735496103,295,27,80
2023-07-11,131,412,0.5832799467340302,202,33,98
2023-07-12,126,342,0.44226426499723914,162,32,94
2023-07-13,109,433,0.5586127952967941,133,28,81
2023-07-14,140,450,0.5533648195605211,151,36,104
2023-07-15,138,341,0.3957301419729767,214,35,103
2023-07-16,109,240,0.5486746422452031,181,28,81
2023-07-17,114,263,0.31110229041464776,269,29,85
2023-07-18,118,294,0.4788809635446159,198,30,88
2023-07-19,105,244,0.3690026511863109,165,27,78
2023-07-20,132,313,0.33617006573318364,231,34,98
2023-07-21,145,373,0.32308596048876276,247,37,108
2023-07-22,147,345,0.5088866327634419,150,37,110
2023-07-23,137,520,0.4019624891304198,150,35,102
2023-07-24,90,194,0.5174300314586284,127,23,67
2023-07-25,102,311,0.3196069022396827,253,26,76
2023-07-26,128,361,0.39458710134918307,239,33,95
2023-07-27,133,527,0.46184738771260114,205,34,99
2023-07-28,143,318,0.5372169494516891,272,36,107
2023-07-29,188,526,0.39562575087962093,265,48,140
2023-07-30,128,504,0.4877674129311027,225,33,95
2023-07-31,127,474,0.5657933244708562,276,32,95
2023-08-01,129,469,0.48475895645469136,157,33,96
2023-08-02,129,325,0.36988784242609013,140,33,96
2023-08-03,119,279,0.3073202344669614,169,30,89
2023-08-04,145,484,0.5610296621702789,130,37,108
2023-08-05,117,451,0.3063808232551161,216,30,87
2023-08-06,115,358,0.5624105018052599,289,29,86
2023-08-07,101,317,0.4586811402081636,127,26,75
2023-08-08,115,294,0.5817203095538688,142,29,86
2023-08-09,153,541,0.5396349707320995,201,39,114
2023-08-10,95,226,0.5993802331600012,288,24,71
2023-08-11,143,379,0.405213544635513,177,36,107
2023-08-12,104,296,0.530156486679338,211,27,77
2023-08-13,111,335,0.4205792740827726,127,28,83
2023-08-14,124,308,0.4439626860911726,147,32,92
2023-08-15,113,252,0.48825163896551105,298,29,84
2023-08-16,101,325,0.5621031342559015,294,26,75
2023-08-17,112,289,0.5952250407597885,121,29,83
2023-08-18,142,449,0.5304820241593554,291,36,106
2023-08-19,116,268,0.42533003465020014,235,30,86
2023-08-20,120,355,0.42640710068312104,276,31,89
2023-08-21,108,331,0.5212746904766674,202,28,80
2023-08-22,102,215,0.37163314373049067,213,26,76
2023-08-23,149,398,0.3331422339394184,208,38,111
2023-08-24,131,297,0.40638664729223295,240,33,98
2023-08-25,101,215,0.3861716974962245,145,26,75
2023-08-26,129,513,0.388892436136797,125,33,96
2023-08-27,106,280,0.370082325314973,175,27,79
2023-08-28,119,431,0.31262795689090855,247,30,89
2023-08-29,99,248,0.3053621804200241,156,25,74
2023-08-30,115,387,0.5963167169208095,241,29,86
2023-08-31,129,454,0.4283319401207587,295,33,96
2023-09-01,144,460,0.41529799414790447,137,37,107
2023-09-02,108,318,0.5038941848079209,241,28,80
2023-09-03,111,313,0.36547616635951924,200,28,83
2023-09-04,99,267,0.5849883551850676,276,25,74
2023-09-05,101,390,0.5359035043246656,152,26,75
2023-09-06,143,524,0.3268233006936778,245,36,107
2023-09-07,127,499,0.4252742327354785,271,32,95
2023-09-08,112,252,0.5637354922686494,290,29,83
2023-09-09,140,485,0.5834196066874231,243,36,104
2023-09-10,148,574,0.4402204533749609,209,38,110
2023-09-11,122,288,0.48402341676321226,231,31,91
2023-09-12,88,188,0.35011018382762255,276,22,66
2023-09-13,109,380,0.597350587841093,223,28,81
2023-09-14,140,441,0.369501510415033,125,36,104
2023-09-15,121,446,0.5828195322405376,288,31,90
2023-09-16,133,303,0.49489399469771056,244,34,99
2023-09-17,128,460,0.4823210384636577,242,33,95
2023-09-18,92,221,0.45380655330495256,159,23,69
2023-09-19,110,256,0.3692009435153276,239,28,82
2023-09-20,68,158,0.3529584096016525,191,17,51
2023-09-21,106,385,0.3661458627210526,237,27,79
2023-09-22,128,426,0.35593147864327634,139,33,95
2023-09-23,108,329,0.533875342070026,238,28,80
2023-09-24,141,383,0.40503757775001903,300,36,105
2023-09-25,85,319,0.3173528029690189,129,22,63
2023-09-26,105,292,0.5907307890422433,296,27,78
2023-09-27,119,432,0.5651357654890277,193,30,89
2023-09-28,144,414,0.5783256849585638,277,37,107
2023-09-29,111,306,0.5984723467939306,261,28,83
2023-09-30,145,424,0.3521685747658462,222,37,108
2023-10-01,118,307,0.4188726056707976,253,30,88
2023-10-02,93,325,0.5274715427112273,278,24,69
2023-10-03,120,361,0.5088061854161376,193,31,89
2023-10-04,121,298,0.3461687719019565,179,31,90
2023-10-05,114,433,0.5447499374971854,240,29,85
2023-10-06,134,371,0.3673321715509982,265,34,100
2023-10-07,123,380,0.3671452844467869,257,31,92
2023-10-08,120,458,0.46109232686802404,264,31,89
2023-10-09,119,387,0.47788198045251096,198,30,89
2023-10-10,138,308,0.47402586235134336,267,35,103
2023-10-11,101,392,0.32744605121932646,142,26,75
2023-10-12,156,508,0.563238258789114,218,40,116
2023-10-13,105,280,0.3796800127766118,121,27,78
2023-10-14,127,289,0.33885447638484123,178,32,95
2023-10-15,129,463,0.5666244239606931,186,33,96
2023-10-16,114,369,0.586695449468926,191,29,85
2023-10-17,106,325,0.5586382851796352,245,27,79
2023-10-18,117,443,0.5428548224174634,190,30,87
2023-10-19,118,422,0.4965725941917065,201,30,88
2023-10-20,127,293,0.46525721118274177,163,32,95
2023-10-21,144,378,0.326096027973423,187,37,107
2023-10-22,127,317,0.4225359639212096,161,32,95
2023-10-23,101,352,0.4118065551036942,133,26,75
2023-10-24,131,271,0.37792613512809786,229,33,98
2023-10-25,127,399,0.5170260341065754,240,32,95
2023-10-26,140,493,0.4487627205236312,232,36,104
2023-10-27,147,552,0.32431386477229435,203,37,110
2023-10-28,121,325,0.36605496058494336,188,31,90
2023-10-29,115,419,0.5049776290978788,275,29,86
2023-10-30,125,278,0.32283925784709006,213,32,93
2023-10-31,128,473,0.5553620742146306,206,33,95
2023-11-01,124,280,0.4485439581041923,125,32,92
2023-11-02,131,366,0.4441759731979944,181,33,98
2023-11-03,159,572,0.47772233539785525,188,41,118
2023-11-04,126,290,0.5474042897775447,192,32,94
2023-11-05,134,329,0.4043427623706579,224,34,100
2023-11-06,113,389,0.503404845767719,216,29,84
2023-11-07,118,406,0.4697195891987373,229,30,88
2023-11-08,143,469,0.3801084810508264,258,36,107
2023-11-09,144,488,0.5635889959065474,266,37,107
2023-11-10,155,478,0.5392278064820784,249,40,115
2023-11-11,157,393,0.4975355503975276,292,40,117
2023-11-12,128,344,0.5551745187282726,123,33,95
2023-11-13,129,305,0.5601882602879407,155,33,96
2023-11-14,119,454,0.5125088930145104,121,30,89
2023-11-15,134,424,0.5511039985091015,237,34,100
2023-11-16,133,373,0.5092414385007851,282,34,99
2023-11-17,146,427,0.5040422315280901,164,37,109
2023-11-18,149,580,0.48558341346455525,287,38,111
2023-11-19,118,272,0.5258149918672923,131,30,88
2023-11-20,152,482,0.3475815315879221,288,39,113
2023-11-21,111,334,0.5642612277596786,183,28,83
2023-11-22,114,367,0.5615530583235695,138,29,85
2023-11-23,155,316,0.30877418491036773,207,40,115
2023-11-24,160,599,0.5477450251694288,166,41,119
2023-11-25,152,587,0.33866096024203357,171,39,113
2023-11-26,143,448,0.40053565627774257,175,36,107
2023-11-27,124,421,0.5230524768874824,265,32,92
2023-11-28,116,446,0.3482279688144925,217,30,86
2023-11-29,136,464,0.5453901072357186,176,35,101
2023-11-30,130,300,0.5496402533873226,230,33,97
2023-12-01,165,520,0.4522403201282509,249,42,123
2023-12-02,144,463,0.30191576151505006,169,37,107
2023-12-03,124,353,0.3861114399524738,194,32,92
2023-12-04,122,424,0.48507807551272264,142,31,91
2023-12-05,139,538,0.5943558534082269,153,35,104
2023-12-06,129,497,0.48954405810500046,243,33,96
2023-12-07,131,380,0.37794107431924795,153,33,98
2023-12-08,157,350,0.4902017109298834,215,40,117
2023-12-09,153,607,0.46199561391475663,248,39,114
2023-12-10,132,485,0.5339536185453431,139,34,98
2023-12-11,123,277,0.3320941916480875,222,31,92
2023-12-12,139,534,0.5283083707506084,166,35,104
2023-12-13,119,445,0.46237997360283306,293,30,89
2023-12-14,125,380,0.5888976011576983,207,32,93
2023-12-15,146,465,0.4025616498116058,265,37,109
2023-12-16,149,417,0.4897865679401844,219,38,111
2023-12-17,148,312,0.5796084316530052,128,38,110
2023-12-18,155,414,0.3307529183972038,234,40,115
2023-12-19,152,548,0.5811685461709353,291,39,113
2023-12-20,142,285,0.506365716690244,228,36,106
2023-12-21,149,397,0.32035111773155156,267,38,111
2023-12-22,145,405,0.39028907008404484,279,37,108
2023-12-23,155,477,0.5124516265935845,161,40,115
2023-12-24,142,545,0.3202051804406315,158,36,106
2023-12-25,142,382,0.47465113805288195,230,36,106
2023-12-26,130,350,0.403764917085887,194,33,97
2023-12-27,155,539,0.4862746553302431,271,40,115
2023-12-28,176,511,0.31372261014375386,282,45,131
2023-12-29,162,397,0.5614610418457129,184,41,121
2023-12-30,165,479,0.592046690753219,163,42,123
2023-12-31,160,365,0.5906633565857073,260,41,119
